ImageID,Image,Description,Keywords
0,image_0.jpg,a drawing of a flower in a circle,"flower, drawing, circle"
1,image_1.jpg,a drawing of a fish in a circle,"fish, drawing, circle"
2,image_10.jpg,a painting of a woman sitting on a chair,"woman sitting, painting, chair"
3,image_100.jpg,a painting of a woman with a basket and a bird,"woman, painting, bird, basket"
4,image_101.jpg,a painting of three women in a garden,"three women, painting, garden"
5,image_102.jpg,a painting of a woman with a pink dress,"pink dress, woman, painting"
6,image_103.jpg,a painting of a lion in the clouds,"painting, lion, clouds"
7,image_104.jpg,a painting of a lion with green foliage on its head,"green foliage, painting, lion, head"
8,image_105.jpg,a painting of a rock with a tree growing on it,"tree growing, rock, painting"
9,image_106.jpg,a lion with a fire on its face,"lion, fire, face"
10,image_107.jpg,a painting of an angel with wings,"wings, painting, angel"
11,image_108.jpg,a painting of a wave crashing into the ocean,"wave crashing, painting, ocean"
12,image_109.jpg,a painting of trees with red and blue leaves,"blue leaves, trees, red, painting"
13,image_11.jpg,a painting of a woman in a red dress,"red dress, woman, painting"
14,image_110.jpg,a painting of a red sky and trees,"red sky, trees, painting"
15,image_111.jpg,a painting of a tree with red leaves,"red leaves, tree, painting"
16,image_112.jpg,a painting of a tree with orange and purple leaves,"purple leaves, tree, painting, orange"
17,image_113.jpg,a painting of blue flowers on a blue background,"blue flowers, blue background, painting"
18,image_114.jpg,a painting of trees in red and yellow,"yellow, trees, red, painting"
19,image_115.jpg,a painting of a woman playing flute,"woman playing flute, painting"
20,image_116.jpg,a painting of trees with red and yellow leaves,"yellow leaves, trees, red, painting"
21,image_117.jpg,a painting of a woman sitting on a bench,"woman sitting, painting, bench"
22,image_118.jpg,a painting of trees in the fall,"trees, painting, fall"
23,image_119.jpg,a painting of lord ganesh with lotus in head,"ganesh,lotus"
24,image_12.jpg,a painting of a woman riding a bull,"woman riding, painting, bull"
25,image_120.jpg,a painting of trees in autumn,"trees, painting, autumn"
26,image_121.jpg,a painting of lord krishna sitting on a bench with flute,"lord krishna sitting, painting, bench, flute"
27,image_122.jpg,a painting of a field with trees and a yellow sky,"yellow sky, trees, painting, field"
28,image_123.jpg,a painting of trees in the middle of a lake,"trees, painting, middle, lake"
29,image_124.jpg,a painting of lord krishna in a yellow sari,"yellow sari, lord krishna, painting"
30,image_125.jpg,a painting of a forest with red trees,"red trees, painting, forest"
31,image_126.jpg,a painting of a boat in the water,"water, painting, boat"
32,image_127.jpg,a painting of a city with boats and people,"people, painting, city, boats"
33,image_128.jpg,a painting of cows with a woman and a man,"woman, painting, man, cows"
34,image_129.jpg,a painting of a woman in a red dress holding a cross,"red dress holding, woman, painting, cross"
35,image_13.jpg,two women in colorful sari,"two women, colorful sari"
36,image_130.jpg,radha and radha dancing in the jungle,"radha dancing, radha, jungle"
37,image_132.jpg,five women in a pond with flowers,"five women, pond, flowers"
38,image_133.jpg, with lord krishna and radha,"field, cows, lord krishna, radha"
39,image_134.jpg,a painting of two people with a cow,"two people, painting, cow"
40,image_135.jpg,two women playing the violin in a field,"two women playing, violin, field"
41,image_136.jpg,a painting of a bull with a green background,"green background, painting, bull"
42,image_137.jpg,a painting of a man with a hat,"painting, man, hat"
43,image_138.jpg,a painting of a woman with a face painted in green and pink,"face painted, woman, pink, painting, green"
44,image_139.jpg,a painting of a field with trees and a blue sky,"blue sky, trees, painting, field"
45,image_14.jpg,a painting of two women in blue heads,"two women, blue heads, painting"
46,image_140.jpg,a painting of trees in a park,"trees, park, painting"
47,image_141.jpg,a painting of a dirt road in the woods,"dirt road, woods, painting"
48,image_142.jpg,a painting of a mountain range,"mountain range, painting"
49,image_143.jpg,a painting of a field of flowers,"painting, flowers, field"
50,image_144.jpg,a painting of an elephant with a red background,"red background, painting, elephant"
51,image_145.jpg,a painting of a woman sitting on a bench,"woman sitting, painting, bench"
52,image_146.jpg,a painting of two women holding flowers,"two women holding flowers, painting"
53,image_147.jpg,a painting of a group of people,"people, painting, group"
54,image_148.jpg,a painting of a man with a blue face,"blue face, painting, man"
55,image_149.jpg,"a painting of a woman with a hat, flute and newspapers","woman, painting, hat, flute, newspaper"
56,image_15.jpg,a painting of a woman in a white sari with pot in head,"white sari, woman, painting, pot, head"
57,image_150.jpg,a painting of a woman with a book,"woman, painting, book"
58,image_151.jpg,a painting of a woman with a cup and a man,"woman, painting, man, cup"
59,image_152.jpg,a painting of a man with a hat and a book,"painting, man, hat, book"
60,image_153.jpg,a painting of two people with one holding a bird,"two people, one holding, painting, bird"
61,image_154.jpg,a painting of a lord krishna as mermaid with her two children,"two children, painting, mermaid, lord krishna"
62,image_155.jpg,a painting of lord ganesh,"lord ganesh, painting"
63,image_156.jpg,a watercolor painting of a wheel in front of a house,"watercolor painting, wheel, house, front"
64,image_157.jpg,sunflowers by artist susan schr,"artist susan schr, sunflowers"
65,image_158.jpg,a drawing of a hindu deity,"hindu deity, drawing"
66,image_159.jpg,a drawing of a woman holding a baby,"woman holding, drawing, baby"
67,image_16.jpg,a painting of a woman holding a baby,"woman holding, painting, baby"
68,image_160.jpg,a painting of a man with a beard and a long beard,"long beard, beard, painting, man"
69,image_161.jpg,a painting of a colorful landscape,"colorful landscape, painting"
70,image_162.jpg,a painting of blue and green,"painting, green, blue"
71,image_163.jpg,a painting of a cityscape,"painting, cityscape"
72,image_164.jpg,a painting of four women in a forest,"four women, painting, forest"
73,image_165.jpg,poa and poa by kashyai,"poa, poa, kashyai"
74,image_166.jpg,a painting of a woman sitting in a lotus,"woman sitting, painting, lotus"
75,image_167.jpg,a painting of women carrying water pots,"women carrying water pots, painting"
76,image_168.jpg,a painting of a dog with a blue nose,"blue nose, painting, dog"
77,image_169.jpg,a painting with many different shapes and colors,"many different shapes, painting, colors"
78,image_17.jpg,a painting of a yellow and black yin with lord ganesh and red background,"black yin, yellow, painting, lord ganesh, red"
79,image_170.jpg,a painting of a buddha face,"buddha face, painting"
80,image_171.jpg,a monk in a buddhist temple,"buddhist temple, monk"
81,image_172.jpg,a painting of a cow with a baby,"painting, cow, baby"
82,image_173.jpg,a painting of a woman with a red sun behind her,"red sun behind, woman, painting"
83,image_174.jpg,a painting of a woman playing the sita,"woman playing, sita, painting"
84,image_175.jpg,a painting of a woman in a white dress,"white dress, woman, painting"
85,image_176.jpg,a painting of a woman in a red and white saree,"red, woman, painting, white saree"
86,image_177.jpg,a painting of two women sitting on a couch,"two women sitting, painting, couch"
87,image_178.jpg,a painting of a woman in a black frame,"black frame, woman, painting"
88,image_179.jpg,a painting of a man with a body covered in paint,"body covered, painting, paint, man"
89,image_18.jpg,two women in orange sari,"orange sari, two women"
90,image_180.jpg,a painting of a woman in a temple,"woman, temple, painting"
91,image_181.jpg,a painting of a woman and a cow with pink background,"woman, painting, cow, pink background"
92,image_182.jpg,an elephant with a man on it's back,"man, elephant, back"
93,image_183.jpg,a painting of a baby ganesh in lotus leaves,"lotus leaves, painting, baby ganesh"
94,image_184.jpg,an elephant with a man on it's back,"man, elephant, back"
95,image_185.jpg,a painting of a woman sitting on a bed,"woman sitting, painting, bed"
96,image_186.jpg,a painting of a bull standing in front of a building,"bull standing, painting, front, building"
97,image_187.jpg,a painting of a woman with a hat and a fish,"woman, painting, hat, fish"
98,image_188.jpg,a painting of a buddha statue with a yellow background,"yellow background, buddha statue, painting"
99,image_189.jpg,a painting of two cows on a red background,"two cows, red background, painting"
100,image_19.jpg,a painting of a woman with a colorful face,"colorful face, woman, painting"
101,image_190.jpg,a painting of a man with a horse,"painting, man, horse"
102,image_191.jpg,a painting of a woman and her sheeps,"woman, sheeps, painting"
103,image_192.jpg,a painting of a woman sitting on a bed,"woman sitting, painting, bed"
104,image_193.jpg,a painting of a woman holding a sita,"woman holding, painting, sita"
105,image_194.jpg,a painting of a woman and a child,"woman, painting, child"
106,image_195.jpg,a painting of a woman playing a musical instrument,"woman playing, musical instrument, painting"
107,image_196.jpg,a painting of a hindu deity,"hindu deity, painting"
108,image_197.jpg,a painting of a hanuman," painting, hanuman"
109,image_198.jpg,a painting of a woman in a red dress,"red dress, woman, painting"
110,image_199.jpg,a painting of a woman sitting on a couch,"woman sitting, painting, couch"
111,image_2.jpg,a drawing of a fish in a circle,"fish, drawing, circle"
112,image_20.jpg,a watercolor painting of a woman in a sari sari,"watercolor painting, sari sari, woman"
113,image_200.jpg,a painting of two cow and flute,"cow,flute, painting"
114,image_201.jpg,a painting of a sunset over a lake,"sunset, painting, lake"
115,image_202.jpg,a painting of a blue ocean with waves and corals,"blue ocean, waves, painting, corals"
116,image_203.jpg,a painting of a landscape with blue waves and flowers,"blue waves, painting, landscape, flowers"
117,image_204.jpg,an elephant painting with a red background,"red background, elephant painting"
118,image_205.jpg,a painting of a woman holding a flower,"woman holding, painting, flower"
119,image_206.jpg,three umbrellas in the rain,"three umbrellas, rain"
120,image_207.jpg,a painting of a woman in a white dress,"white dress, woman, painting"
121,image_208.jpg,a painting with red and yellow colors,"yellow colors, red, painting"
122,image_209.jpg,two women sitting on a bench surrounded by flowers,"two women sitting, bench surrounded, flowers"
123,image_21.jpg,a painting of a woman holding a chipmuck,"chipmuck, woman holding, painting"
124,image_210.jpg,a painting of a man sitting on a bench,"man sitting, painting, bench"
125,image_211.jpg,a painting of a woman in a yellow dress,"yellow dress, woman, painting"
126,image_212.jpg,four women in a forest,"four women, forest"
127,image_213.jpg,a drawing of a woman with her eyes closed,"eyes closed, woman, drawing"
128,image_214.jpg,lord ganesh painting with colorful colors,"lord, ganesh, painting, colorful colors"
129,image_215.jpg,lord ganesh in colours,"lord, ganesh, colours"
130,image_216.jpg,a painting of two trees with a red sun in the background,"two trees, red sun, painting, background"
131,image_217.jpg,a drawing of a woman with a flower in her hand,"woman, hand, flower, drawing"
132,image_218.jpg,a painting of a buddha face with flowers,"buddha face, painting, flowers"
133,image_219.jpg,a painting of a woman in a blue dress surrounded by flowers,"blue dress surrounded, woman, painting, flowers"
134,image_22.jpg,a painting of a woman with butterflies on her head,"woman, painting, head, butterflies"
135,image_220.jpg,a painting of a beard man with a green apple,"green apple, beard, man, painting"
136,image_221.jpg,a painting of a woman with flowers and pearls,"woman, pearls, painting, flowers"
137,image_222.jpg,a painting of a zebra with colorful paint,"colorful paint, zebra, painting"
138,image_223.jpg,a painting of a rose on a pink background,"pink background, rose, painting"
139,image_224.jpg,oil paining of pink women in blue background,"oil, painting, pink women, blue"
140,image_225.jpg,a painting of a vase with flowers on it,"vase, painting, flowers"
141,image_226.jpg,a painting of a colorful abstract painting,"colorful abstract painting, painting"
142,image_227.jpg,a painting of a sunset with a moon in the background,"sunset, painting, moon, background"
143,image_228.jpg,a painting of a woman with a pink and yellow background,"yellow background, woman, pink, painting"
144,image_229.jpg,a painting of a flower on a white wall,"white wall, painting, flower"
145,image_23.jpg,a painting of a woman with a rabbit,"woman, rabbit, painting"
146,image_230.jpg,a painting of a group of people in a boat,"people, painting, group, boat"
147,image_231.jpg,two paintings of blue and red paint on a blue wall,"two paintings, red paint, blue wall, blue"
148,image_232.jpg,a painting with blue and yellow colors,"yellow colors, painting, blue"
149,image_233.jpg,a painting of a green and yellow abstract pattern,"yellow abstract pattern, painting, green"
150,image_234.jpg,a painting of a hindu deity,"hindu deity, painting"
151,image_235.jpg,lord ganesh with flower garland,"flower, garland,  lord, ganesh"
152,image_236.jpg,a painting of a giraffe in a blue background,"blue background, painting, giraffe"
153,image_237.jpg,a painting of a woman with red hair,"red hair, woman, painting"
154,image_238.jpg,a painting of a city with lots of buildings,"painting, lots, city, buildings"
155,image_239.jpg,a painting of a yellow and blue paint,"blue paint, yellow, painting"
156,image_24.jpg,a painting of a woman with a flower,"woman, painting, flower"
157,image_240.jpg,a painting of a red and black painting,"black painting, painting, red"
158,image_241.jpg,a painting of a boat on the water,"water, painting, boat"
159,image_242.jpg,a painting of a yellow and brown background,"brown background, yellow, painting"
160,image_243.jpg,a painting of a cityscape with a pink sky,"pink sky, painting, cityscape"
161,image_244.jpg,a painting with a red and blue paint on it,"blue paint, red, painting"
162,image_245.jpg,a painting of green trees on a blue background,"green trees, blue background, painting"
163,image_246.jpg,a painting of a tree in the middle of a field,"tree, painting, middle, field"
164,image_247.jpg,a painting of a blue and orange abstract,"orange abstract, painting, blue"
165,image_248.jpg,a painting with green paint on it,"green paint, painting"
166,image_249.jpg,a painting of a crown on a red background,"red background, painting, crown"
167,image_25.jpg,a painting of a woman holding a bunch of red roses,"woman holding, red roses, painting, bunch"
168,image_250.jpg,a painting of a black and orange abstract painting,"orange abstract painting, painting, black"
169,image_251.jpg,a painting of a pink and blue sky,"blue sky, pink, painting"
170,image_252.jpg,a painting of a house with red paint,"red paint, painting, house"
171,image_253.jpg,a painting of a castle in the middle of a lake,"painting, middle, lake, castle"
172,image_254.jpg,a painting of a green and yellow background,"yellow background, painting, green"
173,image_255.jpg,a painting of a boat in the water,"water, painting, boat"
174,image_256.jpg,a painting of red and black paint,"black paint, red, painting"
175,image_257.jpg,a painting of a pink sky with a small bird,"small bird, pink sky, painting"
176,image_258.jpg,a painting of a castle in the sky,"sky, painting, castle"
177,image_259.jpg,a blue painting with a small island in the distance,"small island, blue painting, distance"
178,image_26.jpg,a painting of a woman with blue eyes,"blue eyes, woman, painting"
179,image_260.jpg,a painting with a red and blue background,"blue background, red, painting"
180,image_261.jpg,a painting with red and black paint,"black paint, red, painting"
181,image_262.jpg,a painting with a pink and blue background,"blue background, pink, painting"
182,image_263.jpg,a painting of a forest with trees and water,"water, trees, painting, forest"
183,image_264.jpg,a painting of a yellow and black abstract,"black abstract, yellow, painting"
184,image_265.jpg,a painting of a brown and black landscape,"black landscape, painting, brown"
185,image_266.jpg,a painting of a green and yellow landscape,"yellow landscape, painting, green"
186,image_267.jpg,a painting of a mountain with a blue sky in the background,"blue sky, painting, mountain, background"
187,image_268.jpg,a painting of a man with a beard orange abstract,"painting, man, beard, orange, abstract"
188,image_269.jpg,a painting of a city with red and blue colors,"blue colors, red, painting, city"
189,image_27.jpg,a painting of a motorcycle,"painting, motorcycle"
190,image_270.jpg,a painting of a city with buildings and a sky,"sky, painting, city, buildings"
191,image_271.jpg,a painting of a woman playing the sitar,"woman playing, sitar, painting"
192,image_272.jpg,a painting of clothes hanging on a clothes line,"clothes line, clothes hanging, painting"
193,image_273.jpg,a painting of a red and black abstract,"black abstract, red, painting"
194,image_274.jpg,a painting of hanuman flying,"painting, hanuman, flying"
195,image_275.jpg,"shiva, parvathy, expressionismism","shiva, parvathy, expressionismism"
196,image_276.jpg,a painting of a woman in a colorful dress,"colorful dress, woman, painting"
197,image_277.jpg,a painting of hanuman holding a red flower,"red flower, hanuman holding, painting"
198,image_278.jpg,a painting of two horses pulling a carriage of arjun,"two horses pulling, painting, carriage, arjun"
199,image_279.jpg,a painting of a city by the water,"water, painting, city"
200,image_28.jpg,a painting of women playing on a swing or puppet show,"women playing, swing, painting, puppetshow"
201,image_280.jpg,a painting of a blue castle by the water,"water, painting, blue castle"
202,image_281.jpg,three umbrellas in the rain by the water,"three umbrellas, water, rain"
203,image_282.jpg,a painting of a city with a horse and carriage,"painting, horse, city, carriage"
204,image_283.jpg,a painting of a woman sitting at a table in the street,"woman sitting, table, street, painting"
205,image_284.jpg,a close up of a plaque with a face,"plaque, face, close"
206,image_285.jpg,a painting of a bull,"painting, bull"
207,image_286.jpg,a painting of a bull with yelow background,"painting, bull, yellow, background"
208,image_287.jpg,a group of colorful baskets with butterflies on them,"colorful baskets, group, butterflies"
209,image_288.jpg,a painting of a buddha holding a globe,"buddha holding, painting, globe"
210,image_289.jpg,a painting of a jesus with her arms outstretched,"arms outstretched, jesus, painting"
211,image_29.jpg,a painting of a bull near shiva represenation,"painting, bull, shiva, representation"
212,image_290.jpg,a painting of a spiral design,"spiral design, painting"
213,image_291.jpg,a painting of a circle with a yellow and blue background,"blue background, yellow, painting, circle"
214,image_292.jpg,a circular artwork made with yarn,"circular artwork made, yarn"
215,image_293.jpg,a painting of a circular design with many circles,"many circles, circular design, painting"
216,image_294.jpg,a painting with a circular pattern in the middle,"circular pattern, painting, middle"
217,image_295.jpg,a painting of a yellow and black circle,"black circle, yellow, painting"
218,image_296.jpg,a painting of a woman holding a birds,"woman holding, painting, birds"
219,image_297.jpg,a painting of a bird and a bird on a tree,"tree, painting, bird, bird"
220,image_298.jpg,a painting of two women dancing in a field,"two women dancing, painting, field"
221,image_299.jpg,a painting of a woman looking through a hole in a brick wall,"woman looking, brick wall, painting, hole"
222,image_3.jpg,a drawing of a man with a green hat and glasses,"green hat, man, glasses, drawing"
223,image_30.jpg,a painting of a woman and krishna in puzzle,"woman, painting, bench, krishna, puzzle"
224,image_300.jpg,a painting of pink roses,"pink roses, painting"
225,image_301.jpg,a painting of a dots on green and pink,"pink, green, dots, woman, painting"
226,image_302.jpg,a painting of a purple and blue background,"blue background, purple, painting"
227,image_303.jpg,a painting of a cityscape with lots of colorful dots,"colorful dots, painting, lots, cityscape"
228,image_304.jpg,watercolor painting of a white flower,"white flower, watercolor painting"
229,image_305.jpg,a painting of white flowers,"white flowers, painting"
230,image_306.jpg,water lilies by linda grist,"water lilies, linda grist"
231,image_307.jpg,water lilies by artist susan schr,"artist susan schr, water lilies"
232,image_308.jpg,watercolor painting of pink roses,"watercolor painting, pink roses"
233,image_309.jpg,watercolor painting of pink lotus flowers,"pink lotus flowers, watercolor painting"
234,image_31.jpg,lord krishna playing snake and ladder game with snake,"lord, krishna, snake and ladder, game,  snake"
235,image_310.jpg,watercolor painting of pink lotus flowers,"pink lotus flowers, watercolor painting"
236,image_311.jpg,a painting of pink roses,"pink roses, painting"
237,image_312.jpg,watercolor painting of pink flowers,"watercolor painting, pink flowers"
238,image_313.jpg,a painting of yellow flowers in a vase,"vase, painting, flowers, yellow"
239,image_314.jpg,a painting of a church in the middle of a field,"painting, middle, field, church"
240,image_315.jpg,a painting of a purple cityscape,"painting, cityscape, purple"
241,image_316.jpg,a painting of a cityscape,"painting, cityscape"
242,image_317.jpg,a painting of a boat in the water in orange background,"water, painting, boat, orange background"
243,image_318.jpg,a painting of a yellow and blue abstract,"blue abstract, yellow, painting"
244,image_319.jpg,a painting of a mountain with a brown sky,"brown sky, painting, mountain"
245,image_32.jpg,a red flower on a yellow backgroundin symmetry,"yellow background, red flower, symmetry"
246,image_320.jpg,a painting of a green and yellow landscape,"yellow landscape, painting, green"
247,image_321.jpg,a painting of a man with a beard,"painting, man, beard"
248,image_322.jpg,a painting of a city with red and blue colors,"blue colors, red, painting, city"
249,image_323.jpg,a painting of green paint on a black background,"green paint, black background, painting"
250,image_324.jpg,a painting of a crown on a red background,"red background, painting, crown"
251,image_325.jpg,a painting of a black and orange abstract painting,"orange abstract painting, painting, black"
252,image_326.jpg,a painting of a green and yellow abstract painting,"yellow abstract painting, painting, green"
253,image_327.jpg,a painting of a tree with many branches,"many branches, tree, painting"
254,image_328.jpg,a painting of a red and orange sky,"orange sky, red, painting"
255,image_329.jpg,a painting of a woman holding a horse,"woman holding, painting, horse"
256,image_33.jpg,a painting of a man in a tie and a group of girl students,"tie, painting, man, group, girl, students"
257,image_330.jpg,a painting of a purple flower with green leaves,"purple flower, green leaves, painting"
258,image_331.jpg,two fish in a field with a flower,"two fish, flower, field"
259,image_332.jpg,a painting of two trees holding a heart,"two trees holding, painting, heart"
260,image_333.jpg,a painting of a woman with a leaf on her back,"woman, painting, leaf, back"
261,image_334.jpg,a painting of a river with trees and grass,"trees, river, painting, grass"
262,image_335.jpg,a painting of trees with the sun shining through them,"sun shining, trees, painting"
263,image_336.jpg,a large tree with dense togetherin a forest,"dense, together, forest, large tree, middle"
264,image_337.jpg,a painting of a tree with a brown and green background,"green background, tree, painting, brown"
265,image_338.jpg,a painting of a tree in a field,"tree, painting, field"
266,image_339.jpg,a painting of trees in the woods,"woods, trees, painting"
267,image_34.jpg,a painting of a tiger,"tiger, painting"
268,image_340.jpg,a painting of a tree with many leaves,"many leaves, tree, painting"
269,image_341.jpg,a painting of a tree with many branches,"many branches, tree, painting"
270,image_342.jpg,a painting of a tree with a blue umbrella,"blue umbrella, tree, painting"
271,image_343.jpg,a painting of a river with trees and grass,"trees, river, painting, grass"
272,image_344.jpg,a painting of a sunset with clouds and mountains in the background,"sunset, painting, mountains, clouds, background"
273,image_345.jpg,a painting of a sunset over a lake,"sunset, painting, lake"
274,image_346.jpg,a painting of a sunset over a field,"sunset, painting, field"
275,image_347.jpg,a painting of a river in the middle of a field,"river, painting, middle, field"
276,image_348.jpg,a painting of a river in the mountains,"river, painting, mountains"
277,image_349.jpg,a painting of a tree with a sun in the middle,"tree, sun, painting, middle"
278,image_35.jpg,a painting of a large body of water,"large body, water, painting"
279,image_350.jpg,a painting of a landscape with trees and mountains,"trees, painting, mountains, landscape"
280,image_351.jpg,a painting of a tree by the water,"water, tree, painting"
281,image_352.jpg,a painting of a tree and a lake,"tree, painting, lake"
282,image_353.jpg,a painting of a river in the woods,"woods, river, painting"
283,image_354.jpg,a painting of a river in the middle of a field,"river, painting, middle, field"
284,image_355.jpg,a painting of a tree in a field,"tree, painting, field"
285,image_356.jpg,a painting of a river in the middle of a forest,"river, painting, middle, forest"
286,image_357.jpg,a painting of a river in the woods,"woods, river, painting"
287,image_358.jpg,a rooster is standing on a citysca,"standing, rooster, citysca"
288,image_359.jpg,a horse with a ball on its back,"horse, ball, back"
289,image_36.jpg,a painting of a boat in the blue ocean,"painting, ocean, boat, blue"
290,image_360.jpg,a painting of a tree with leaves blowing in the wind,"leaves blowing, wind, tree, painting"
291,image_361.jpg,a painting of a woman in a garden,"woman, painting, garden"
292,image_362.jpg,a painting of red and green paint on a red background,"green paint, red background, red, painting"
293,image_363.jpg,a painting of a red and yellow geometric pattern,"yellow geometric pattern, red, painting"
294,image_364.jpg,a painting of three people standing on a yellow background,"three people standing, yellow background, painting"
295,image_365.jpg,a painting of a red and yellow abstract design,"yellow abstract design, red, painting"
296,image_366.jpg,a painting of a green and yellow abstract background,"yellow abstract background, painting, green"
297,image_367.jpg,a painting of a geometric pattern,"geometric pattern, painting"
298,image_368.jpg,a painting of a red and yellow geometric design,"yellow geometric design, red, painting"
299,image_369.jpg,a painting of a yellow and brown landscape,"brown landscape, yellow, painting"
300,image_37.jpg,a painting of a sunset,"sunset, painting"
301,image_370.jpg,a painting of mountains and clouds,"painting, mountains, clouds"
302,image_371.jpg,a painting of a green and yellow landscape,"yellow landscape, painting, green"
303,image_372.jpg,abstract painting - abstract fine fine art by marcia grist,"abstract fine fine art, abstract painting, marcia grist"
304,image_373.jpg,a painting of a yellow patterns on a black background,"yellow patterns, black background, painting"
305,image_374.jpg,a painting of green and blue shapes,"blue shapes, painting, green"
306,image_375.jpg,a painting of a green and blue abstract painting,"blue abstract painting, painting, green"
307,image_376.jpg,a painting of a blue and yellow and red abstract painting,"yellow abstract painting, painting, blue, red"
308,image_377.jpg,a painting of green and red rectangle abstract,"gree,. Red, abstract, rectangles"
309,image_378.jpg,a painting of a green and black abstract painting,"black abstract painting, painting, green"
310,image_379.jpg,a painting of yellow and black shapes,"black shapes, yellow, painting"
311,image_38.jpg,a painting of a boat in the ocean,"painting, ocean, boat"
312,image_380.jpg,a painting of a blue and brown abstract,"brown abstract, painting, blue"
313,image_381.jpg,a painting of bright yellow light and blue shapes,"bright yellow light, shapes, painting, blue"
314,image_382.jpg,"a painting of a forest with red, blue and green leaves","green leaves, red, painting, forest, blue"
315,image_383.jpg,a painting of bamboo trees in green tones,"green tones, bamboo trees, painting"
316,image_384.jpg,a painting of a group of people,"people, painting, group"
317,image_385.jpg,a painting of blue and yellow shapes,"yellow shapes, painting, blue"
318,image_386.jpg,a painting of a forest with trees and a red and green background,"green background, trees, red, painting, forest"
319,image_387.jpg,abstract painting - abstract fine fine art,"abstract fine fine art, abstract painting"
320,image_388.jpg,a painting of trees in the woods,"woods, trees, painting"
321,image_389.jpg,a drawing of a woman with a red heart,"red heart, woman, drawing"
322,image_39.jpg,a painting of a large brown field,"large brown field, painting"
323,image_390.jpg,a painting of a waterfall in the middle of a lake,"waterfall, painting, middle, lake"
324,image_391.jpg,a painting of a river in the mountains,"river, painting, mountains"
325,image_392.jpg,a painting of a tree with a fruits on it,"fruits, tree, painting"
326,image_393.jpg,a painting of trees and water in the woods,"woods, water, trees, painting"
327,image_394.jpg,a painting of a river in the mountains,"river, painting, mountains"
328,image_395.jpg,a painting of trees with blue and orange leaves,"orange leaves, trees, painting, blue"
329,image_396.jpg,a painting of a yellow leaf on a black background,"yellow leaf, black background, painting"
330,image_397.jpg,a painting of trees and water in a forest,"water, trees, painting, forest"
331,image_398.jpg,a painting of red flowers on a lake,"red flowers, painting, lake"
332,image_399.jpg,a painting of trees with brown and white colors,"white colors, trees, painting, brown"
333,image_4.jpg,a drawing of a bird in a cage,"drawing, cage, bird"
334,image_40.jpg,a painting of a city with lots of buildings in pink,"painting, lots, city, buildings, pink"
335,image_400.jpg,a painting of a giraffe skin in brown,"giraffe, skin, brown, painting"
336,image_401.jpg,a painting of a tree with red flowers,"red flowers, tree, painting"
337,image_402.jpg,"a painting of a tree with many roots, flowers and blue sky","many roots, tree, painting, blue sky, flowers"
338,image_403.jpg,a painting of a white flower with green leaves,"green leaves, painting, flower, white"
339,image_404.jpg,a painting of a tree with red flowers in the forest,"red flowers, tree, painting, forest"
340,image_405.jpg,a painting of a tree in a field,"tree, painting, field"
341,image_406.jpg,a painting of a field with trees and clouds,"trees, painting, field, clouds"
342,image_407.jpg,a painting of a river with trees and mountains in the background,"trees, river, painting, mountains, background"
343,image_408.jpg,a painting of a lantern on a table,"table, painting, lantern"
344,image_409.jpg,a painting of two vases on a table,"two vases, table, painting"
345,image_41.jpg,a painting of a lake,"painting, lake"
346,image_410.jpg,a painting of a yellow flower in a blue vase,"yellow flower, blue vase, painting"
347,image_411.jpg,a painting of a vase and a white cloth,"white cloth, vase, painting"
348,image_412.jpg,a painting of a lamp and books on a table,"table, painting, lamp, books"
349,image_413.jpg,a painting of a lamp above blue ball and shapes,"lamp, blue ball, shapes"
350,image_414.jpg,a painting of a lamp with coloured background,"painting, lamp, coloured background"
351,image_415.jpg,a painting of a vase on a table,"vase, table, painting"
352,image_416.jpg,a painting of a lamp on a wall,"wall, painting, lamp"
353,image_417.jpg,a painting of a blue vase and apples,"blue vase, painting, apples"
354,image_418.jpg,pomogranate with blue background,"pomogranate, blue, background"
355,image_419.jpg,a painting of red shapes in green background,"red shapes, painting, green background"
356,image_42.jpg,a painting of a turtle swimming in the blue ocean,"turtle swimming, painting, ocean,  blue"
357,image_420.jpg,a painting of a candle with a candle on top,"top, painting, candle, candle"
358,image_421.jpg,a painting of a circular design with flowers and leaves,"circular design, painting, leaves, flowers"
359,image_422.jpg,a painting of a river at sunset,"sunset, river, painting"
360,image_423.jpg,a painting of a river at sunset,"sunset, river, painting"
361,image_424.jpg,a painting of a lotus flower with two leaves,"two leaves, lotus flower, painting"
362,image_425.jpg,a painting of a purple flower on a blue background,"purple flower, blue background, painting"
363,image_426.jpg,a painting of a woman holding a basket of red roses,"woman holding, red roses, painting, basket"
364,image_427.jpg,a drawing of a woman holding a red heart,"woman holding, red heart, drawing"
365,image_428.jpg,a painting of a woman with a red circle around her,"red circle around, woman, painting"
366,image_429.jpg,a painting of trees in the woods,"woods, trees, painting"
367,image_43.jpg,a painting of a castle on a hill,"painting, hill, castle"
368,image_430.jpg,a painting of a woman with a head of flowers,"woman, painting, head, flowers"
369,image_431.jpg,a painting of a street scene in india,"street scene, painting, india"
370,image_432.jpg,watercolor painting of venice,"watercolor painting, venice"
371,image_433.jpg,a painting of a city with boats and people,"people, painting, city, boats"
372,image_434.jpg,a painting of a pink flower surrounded by green leaves,"pink flower surrounded, green leaves, painting"
373,image_435.jpg,a painting of a butterfly with a flower in the middle,"painting, middle, flower, butterfly"
374,image_436.jpg,a painting of a man in a green shirt,"green shirt, painting, man"
375,image_437.jpg,a painting of two faces on a yellow background,"yellow background, two faces, painting"
376,image_438.jpg,a painting with a yellow background and a red and green painting,"yellow background, green painting, painting, red"
377,image_439.jpg,a yellow and black painting with a black and white design,"white design, black painting, black, yellow"
378,image_44.jpg,a painting of a city with a church,"painting, city, church"
379,image_440.jpg,a painting of a green and yellow square with a black dot,"yellow square, black dot, painting, green"
380,image_441.jpg,a painting with a yellow background and a red and green painting,"yellow background, green painting, painting, red"
381,image_442.jpg,a painting with a yellow background and a green and orange design,"yellow background, orange design, painting, green"
382,image_443.jpg,a painting with a yellow background and a green and red painting,"yellow background, red painting, painting, green"
383,image_444.jpg,a painting with a green and orange face,"orange face, painting, green"
384,image_445.jpg,a painting on a yellow paper with a black and white circle,"yellow paper, white circle, painting, black"
385,image_446.jpg,a painting with a red and yellow background,"yellow background, red, painting"
386,image_447.jpg,a painting of a yellow background with a blue and green background,"yellow background, green background, painting, blue"
387,image_448.jpg,a painting with a yellow background and a red and yellow background,"yellow background, yellow background, red, painting"
388,image_449.jpg,a painting with a banana and a piece of fruit,"piece, painting, fruit, banana"
389,image_45.jpg,a painting of a river with green grass and trees,"green grass, trees, river, painting"
390,image_450.jpg,a painting with a yellow background and a green and orange background,"yellow background, orange background, painting, green"
391,image_451.jpg,a painting with a yellow background and a yellow background,"yellow background, yellow background, painting"
392,image_452.jpg,a painting with a bird on it,"painting, bird"
393,image_453.jpg,a painting of a man with a green hat and orange shirt,"orange shirt, green hat, painting, man"
394,image_454.jpg,a painting of a woman with a yellow background,"yellow background, woman, painting"
395,image_455.jpg,a painting with a yellow background and a red and yellow background,"yellow background, yellow background, red, painting"
396,image_456.jpg,a painting of a bird on a yellow background,"yellow background, painting, bird"
397,image_457.jpg,a painting with a yellow background and a black and white painting,"yellow background, white painting, painting, black"
398,image_458.jpg,a painting of a woman with a red scarf,"red scarf, woman, painting"
399,image_459.jpg,a painting with a yellow background and a green and orange painting,"yellow background, orange painting, painting, green"
400,image_46.jpg,a painting of a pond in the woods,"woods, pond, painting"
401,image_460.jpg,a painting with a yellow background and a black circle,"yellow background, black circle, painting"
402,image_461.jpg,a painting with a yellow background and a red and green painting,"yellow background, green painting, painting, red"
403,image_462.jpg,a painting of a yellow and green abstract,"green abstract, yellow, painting"
404,image_463.jpg,a painting with a yellow background and a blue and green design,"yellow background, green design, painting, blue"
405,image_464.jpg,a painting of a yellow and green painting,"green painting, painting, yellow"
406,image_465.jpg,a painting of a face on a yellow background,"yellow background, painting, face"
407,image_466.jpg,a painting with a yellow background and a black circle,"yellow background, black circle, painting"
408,image_467.jpg,a painting with a yellow background and a black figure,"yellow background, black figure, painting"
409,image_468.jpg,a painting with a yellow background and a green and blue painting,"yellow background, blue painting, painting, green"
410,image_469.jpg,a painting with a yellow background and a green and blue square,"yellow background, blue square, painting, green"
411,image_47.jpg,a painting of boats in the water,"water, painting, boats"
412,image_470.jpg,a painting with a yellow background and a blue and orange background,"yellow background, orange background, painting, blue"
413,image_471.jpg,a painting of a stack of colorful objects,"colorful objects, stack, painting"
414,image_472.jpg,a painting with a yellow background and a black and white circle,"yellow background, white circle, painting, black"
415,image_473.jpg,a painting with a red and yellow background,"yellow background, red, painting"
416,image_474.jpg,"a painting with a red, yellow and blue design","blue design, yellow, red, painting"
417,image_475.jpg,a painting with a yellow background and a black and white image,"yellow background, white image, painting, black"
418,image_476.jpg,a painting with a yellow background and blue and yellow,"yellow background, yellow, painting, blue"
419,image_477.jpg,"a painting with a yellow background and a red, green, blue, and yellow background","yellow background, yellow background, red, painting, green, blue"
420,image_478.jpg,a painting with a yellow background and a green and orange bird,"yellow background, orange bird, painting, green"
421,image_479.jpg,a painting with a yellow background and a red and orange painting,"yellow background, orange painting, painting, red"
422,image_48.jpg,a painting of a ship in the water,"water, ship, painting"
423,image_480.jpg,a painting with a yellow background and a blue and green square,"yellow background, green square, painting, blue"
424,image_481.jpg,a painting with a yellow background and a red and yellow background,"yellow background, yellow background, red, painting"
425,image_482.jpg,a painting with a circle on it,"painting, circle"
426,image_483.jpg,a painting with a yellow background and a yellow background,"yellow background, yellow background, painting"
427,image_484.jpg,a painting of a yellow and green square,"green square, yellow, painting"
428,image_485.jpg,a painting with a yellow background and a black and orange design,"yellow background, orange design, painting, black"
429,image_486.jpg,a painting of a man with a green shirt,"green shirt, painting, man"
430,image_487.jpg,a painting with a yellow background and a black circle,"yellow background, black circle, painting"
431,image_488.jpg,a painting with a yellow background and a red and yellow background,"yellow background, yellow background, red, painting"
432,image_489.jpg,a painting of a woman holding a sunflower with van gogh background,"woman holding, sunflower, painting, van gogh background"
433,image_49.jpg,a painting of water lillies in blue and green,"water lillies, painting, green, blue"
434,image_490.jpg,a painting of a lake with a bird flying over it,"bird flying, painting, lake"
435,image_491.jpg,a painting of a pond with flowers and a wooden pole,"wooden pole, pond, painting, flowers"
436,image_492.jpg,water lilies by artist susan schr,"artist susan schr, water lilies"
437,image_493.jpg,a painting of water lillies on a blue background,"water lillies, blue background, painting"
438,image_494.jpg,a round table with a painting of water lillies,"water lillies, round table, painting"
439,image_495.jpg,a painting of a city by the water,"water, painting, city"
440,image_496.jpg,two bulls fighting in the snow,"two bulls fighting, snow"
441,image_497.jpg,three bulls,three bulls
442,image_498.jpg,three buffalos ,three buffalos
443,image_499.jpg,a painting with colorful paint and a white background,"white background, colorful paint, painting"
444,image_5.jpg,a drawing of a monkey with glasses on,"monkey, glasses, drawing"
445,image_50.jpg,a painting of a blue and green field,"green field, painting, blue"
446,image_500.jpg,a painting of a woman laying on a bed with a pink moon in the background,"woman laying, pink moon, painting, bed, background"
447,image_501.jpg,a painting with a blue and yellow background,"yellow background, painting, blue"
448,image_502.jpg,a painting with a yellow background and a blue and green stripe,"yellow background, green stripe, painting, blue"
449,image_503.jpg,a painting with a yellow background and a red and blue painting,"yellow background, blue painting, painting, red"
450,image_504.jpg,a painting with a face on it,"painting, face"
451,image_505.jpg,a painting with a yellow background and a red and yellow background,"yellow background, yellow background, red, painting"
452,image_506.jpg,a painting with a yellow background and a red and green painting,"yellow background, green painting, painting, red"
453,image_507.jpg,a painting with a face and a face with a face on it,"painting, face, face, face"
454,image_508.jpg,a painting with a yellow background and a blue and yellow background,"yellow background, yellow background, painting, blue"
455,image_509.jpg,a painting of a woman with a hat and a green hat,"green hat, hat, woman, painting"
456,image_51.jpg,a painting of boats in the water,"water, painting, boats"
457,image_510.jpg,a painting with a yellow background and a black and white image,"yellow background, white image, painting, black"
458,image_511.jpg,a painting with a yellow background and a blue and green painting,"yellow background, green painting, painting, blue"
459,image_512.jpg,a painting with circles and circles on it,"painting, circles, circles"
460,image_513.jpg,a painting with a yellow background and a black and white drawing,"yellow background, white drawing, painting, black"
461,image_514.jpg,a painting with a yellow background and a black and white design,"yellow background, white design, painting, black"
462,image_515.jpg,a painting with a yellow background and a green and red design,"yellow background, red design, painting, green"
463,image_516.jpg,a painting with a yellow background and a red and yellow background,"yellow background, yellow background, red, painting"
464,image_517.jpg,a painting with blue and green paint on it,"green paint, painting, blue"
465,image_518.jpg,a painting of a red and yellow square,"yellow square, red, painting"
466,image_519.jpg,"a painting with a red, yellow and green design","green design, yellow, red, painting"
467,image_52.jpg,a painting of a boat in the water,"water, painting, boat"
468,image_520.jpg,a painting of a man with a guitar,"painting, man, guitar"
469,image_521.jpg,a painting of a man with a face on it,"painting, man, face"
470,image_522.jpg,a painting with a red and yellow background,"yellow background, red, painting"
471,image_523.jpg,a painting of a woman with a yellow background,"yellow background, woman, painting"
472,image_524.jpg,a painting of a man with a yellow shirt,"yellow shirt, painting, man"
473,image_525.jpg,a painting of a man with a face and a green background,"green background, painting, man, face"
474,image_526.jpg,a painting of a man with a green hat,"green hat, painting, man"
475,image_527.jpg,a painting of two faces on a yellow background,"yellow background, two faces, painting"
476,image_528.jpg,a painting with a yellow background and a green and red square,"yellow background, red square, painting, green"
477,image_529.jpg,a painting with a yellow background and a red and green design,"yellow background, green design, red, painting"
478,image_53.jpg,"a painting of a dark, cloudy sky over a body of water","cloudy sky, water, painting, dark, body"
479,image_530.jpg,a painting of a man in a green suit,"green suit, painting, man"
480,image_531.jpg,a painting of a person with a green shirt,"green shirt, person, painting"
481,image_532.jpg,a painting of a man with a banana on his head,"painting, man, head, banana"
482,image_533.jpg,a painting of a man idol,"painting, man, idol"
483,image_534.jpg,a painting with green and yellow painting of lord krishna idol,"yellow paint, lord krishna, idol, painting, green"
484,image_535.jpg,a painting with blue paint and red paint,"red paint, blue paint, painting"
485,image_536.jpg,a painting with many colors and shapes of krishna,"many colors, shapes, painting, krishna"
486,image_537.jpg,a painting of a man with a red and yellow shirt,"yellow shirt, red, painting, man"
487,image_538.jpg,a painting of krishna in orange and red,"painting, orange, red"
488,image_539.jpg,a painting of a fish on a yellow background,"yellow background, painting, fish"
489,image_54.jpg,a painting of a cityscape,"painting, cityscape"
490,image_540.jpg,a yellow and black abstract painting with a white background,"black abstract painting, white background, yellow"
491,image_541.jpg,a painting of a fish on a yellow background,"yellow background, painting, fish"
492,image_542.jpg,a painting with red and yellow stripes and a fish,"yellow stripes, red, painting, fish"
493,image_543.jpg,a painting of two fish on a yellow background,"yellow background, two fish, painting"
494,image_544.jpg,"a painting with a red, yellow and blue square","blue square, yellow, red, painting"
495,image_545.jpg,a painting with red and yellow paint on it,"yellow paint, red, painting"
496,image_546.jpg,a painting of a red and yellow abstract painting,"yellow abstract painting, painting, red"
497,image_547.jpg,"a painting with a red, yellow and blue design","blue design, yellow, red, painting"
498,image_548.jpg,a painting with a yellow background and a red and yellow background,"yellow background, yellow background, red, painting"
499,image_549.jpg,a painting with red and yellow paint on it,"yellow paint, red, painting"
500,image_55.jpg,a painting of a large body of water,"large body, water, painting"
501,image_550.jpg,a painting with a yellow background and black lines,"yellow background, black lines, painting"
502,image_551.jpg,a painting of a fish on a yellow background,"yellow background, painting, fish"
503,image_552.jpg,a painting of a robot with a red and yellow background,"yellow background, robot, red, painting"
504,image_553.jpg,a painting of a bird with a red and black design,"black design, red, painting, bird"
505,image_554.jpg,a painting of a face with a green eye,"green eye, painting, face"
506,image_555.jpg,a painting with a red and yellow background,"yellow background, red, painting"
507,image_556.jpg,a painting with a red and yellow background,"yellow background, red, painting"
508,image_557.jpg,a painting with a yellow frame and a red and yellow background,"yellow frame, yellow background, red, painting"
509,image_558.jpg,a yellow painting with black and white lines,"yellow painting, white lines, black"
510,image_559.jpg,a painting of a fish on a yellow background,"yellow background, painting, fish"
511,image_56.jpg,a painting of a river with a yellow sky,"yellow sky, river, painting"
512,image_560.jpg,a painting of a red vase with black dots,"red vase, black dots, painting"
513,image_561.jpg,a yellow and black painting with a red and black brush,"black painting, black brush, yellow, red"
514,image_562.jpg,a painting of flowers on a red background,"red background, painting, flowers"
515,image_563.jpg,a painting of a tree in a field,"tree, painting, field"
516,image_564.jpg,a painting of a cloudy sky over the ocean,"cloudy sky, painting, ocean"
517,image_565.jpg,a painting of a blue and orange abstract,"orange abstract, painting, blue"
518,image_566.jpg,a painting of a dog with a pink and blue face,"blue face, pink, painting, dog"
519,image_567.jpg,a painting of a man's face with a black and yellow paint,"yellow paint, painting, man, face, black"
520,image_568.jpg,a painting of a man with a hat,"painting, man, hat"
521,image_569.jpg,a drawing of a face with a black and white background,"white background, face, drawing, black"
522,image_57.jpg,a large painting on the wall,"large painting, wall"
523,image_570.jpg,a drawing of a face with a red background,"red background, face, drawing"
524,image_571.jpg,a painting of two people on a blue background,"two people, blue background, painting"
525,image_572.jpg,a painting of a woman with a bird on her shoulder,"woman, shoulder, painting, bird"
526,image_573.jpg,a painting of two people on a red background,"two people, red background, painting"
527,image_574.jpg,a drawing of a woman with a hat,"woman, hat, drawing"
528,image_575.jpg,a painting of a woman in a green dress,"green dress, woman, painting"
529,image_576.jpg,a black and white painting on a white wall,"white wall, white painting, black"
530,image_577.jpg,a painting of a man with a red background,"red background, painting, man"
531,image_578.jpg,a painting of a woman with flowers,"woman, painting, flowers"
532,image_579.jpg,a drawing of a woman's face with a bird in the background,"woman, face, drawing, bird, background"
533,image_58.jpg,a painting of a river with a sky in the background,"sky, river, painting, background"
534,image_580.jpg,buddha painting by artist artist and painter,"buddha painting, artist artist, painter"
535,image_581.jpg,a painting of a woman with a red dress,"red dress, woman, painting"
536,image_582.jpg,a drawing of a woman with her hands on her head,"woman, head, hands, drawing"
537,image_583.jpg,a painting of a forest scene,"forest scene, painting"
538,image_584.jpg,a drawing of a woman's face with flowers in the background,"woman, flowers, face, drawing, background"
539,image_585.jpg,an elephant painted in bright colors,"elephant painted, bright colors"
540,image_586.jpg,a painting of a canal in venice,"venice, painting, canal"
541,image_587.jpg,a painting of boats in the water near a building,"water near, painting, building, boats"
542,image_588.jpg,a painting of a city with boats and people,"people, painting, city, boats"
543,image_589.jpg,a painting of a city with boats and buildings,"painting, city, buildings, boats"
544,image_59.jpg,a painting of a beach with a boat in the water,"water, painting, boat, beach"
545,image_590.jpg,a painting of a city with boats in the water,"water, painting, city, boats"
546,image_591.jpg,a painting of two red circles with a red background,"two red circles, red background, painting"
547,image_592.jpg,a painting of a red circle with leaves and flowers,"red circle, painting, leaves, flowers"
548,image_593.jpg,a painting of a buddha in a field of flowers,"painting, flowers, field, buddha"
549,image_594.jpg,a painting of a woman holding a cup,"woman holding, painting, cup"
550,image_595.jpg,a painting of red and pink flowers,"pink flowers, red, painting"
551,image_596.jpg,a painting of a circle with flowers on it,"painting, flowers, circle"
552,image_597.jpg,a painting of a buddha in a field of flowers,"painting, flowers, field, buddha"
553,image_598.jpg,a painting of a flower with red petals,"red petals, painting, flower"
554,image_599.jpg,a painting of a butterfly with a red background,"red background, painting, butterfly"
555,image_6.jpg,a painting of a krishna and radha couple sitting on a bench,"couple sitting, painting, bench, krishna, radhna"
556,image_60.jpg,a painting of a fire in a room,"room, painting, fire"
557,image_600.jpg,a painting of a woman sitting on a cloud with cat,"woman sitting, painting, cloud with cat"
558,image_601.jpg,a painting of a woman sitting on a rooftop with cat,"woman sitting, rooftop, painting, cat"
559,image_602.jpg,"a painting of a woman sitting on a bench, cat","woman sitting, painting, bench, cat"
560,image_603.jpg,a painting of a woman sitting with dog on a hill with a cross in the background,"woman sitting, painting, hill, cross, background, dog"
561,image_604.jpg,a painting of two women in a boat with clouds,"two women, painting, clouds, boat"
562,image_605.jpg,a painting of a woman and a bird,"woman, painting, bird"
563,image_606.jpg,a painting of a couple in a boat,"painting, couple, boat"
564,image_607.jpg,a painting of a yellow flower in a blue sky,"yellow flower, blue sky, painting"
565,image_608.jpg,a painting of a bowl of fruit on a table,"table, painting, fruit, bowl"
566,image_609.jpg,a painting of a vase with flowers in it,"vase, painting, flowers"
567,image_61.jpg,a painting of a lake with a boat in the water,"water, painting, lake, boat"
568,image_610.jpg,a painting of a flower in a green background,"green background, painting, flower"
569,image_611.jpg,a painting of a flower on a green wall,"green wall, painting, flower"
570,image_612.jpg,a painting of a woman in a yellow dress,"yellow dress, woman, painting"
571,image_613.jpg,a painting of a bunch of flowers on a brown background,"brown background, painting, flowers, bunch"
572,image_614.jpg,a painting of a yellow and green square,"green square, yellow, painting"
573,image_615.jpg,a painting of a colorful abstract design,"colorful abstract design, painting"
574,image_616.jpg,a painting of a woman with long hair,"long hair, woman, painting"
575,image_617.jpg,a painting of a woman sitting on a blue flower,"woman sitting, painting, flower, blue"
576,image_618.jpg,a painting of a krishna in a red headdre,"red headdre, krishna, painting"
577,image_619.jpg,a painting of a woman with flowers in her hair,"woman, painting, hair, flowers"
578,image_62.jpg,a sculpture of a woman's head on a wooden table,"wooden table, woman, sculpture, head"
579,image_620.jpg,a painting of a man in a white shirt,"white shirt, painting, man"
580,image_621.jpg,a painting of a man with a hat on,"painting, man, hat"
581,image_622.jpg,"a painting with red, green and blue colors","blue colors, red, painting, green"
582,image_623.jpg,"a painting with a blue, orange and green human figure design","green design, painting, orange, blue, human figure"
583,image_624.jpg,"a painting with red, yellow and blue colors","blue colors, yellow, red, painting"
584,image_625.jpg,a painting of a person in blue and orange,"person, painting, orange, blue"
585,image_626.jpg,a painting of a man in yellow and blue,"yellow, painting, man, blue"
586,image_627.jpg,a painting of a man in green and orange,"painting, orange, man, green"
587,image_628.jpg,"a painting with red, green, blue and yellow colors","yellow colors, red, painting, green, blue"
588,image_629.jpg,a painting of a woman in red and blue,"woman, red, painting, blue"
589,image_63.jpg,a painting of a beach scene with a cloudy sky,"cloudy sky, beach scene, painting"
590,image_630.jpg,a painting of a horse with a red circle around it,"red circle around, painting, horse"
591,image_631.jpg,a painting of two fish in a blue background,"two fish, blue background, painting"
592,image_632.jpg,a painting of a sun with many colors,"many colors, sun, painting"
593,image_633.jpg,a painting of a woman and a horse,"woman, painting, horse"
594,image_634.jpg,a painting of a yellow moon on a black background,"yellow moon, black background, painting"
595,image_635.jpg,a painting of a square with a square in the middle,"square, square, painting, middle"
596,image_636.jpg,a painting of a woman in blue and white,"woman, white, painting, blue"
597,image_637.jpg,a painting of a horse wearing a yellow blanket,"yellow blanket, horse wearing, painting"
598,image_638.jpg,"a painting of a colorful, abstract background","abstract background, painting, colorful"
599,image_639.jpg,a painting of a colorful abstract background,"colorful abstract background, painting"
600,image_64.jpg,a painting of three women with wings and a man on a scoot,"three women, wings, scoot, painting, man"
601,image_640.jpg,a painting of a forest with colorful leaves,"colorful leaves, painting, forest"
602,image_641.jpg,a painting of a mountain with lots of paint,"painting, paint, mountain, lots"
603,image_642.jpg,a painting of a tree with many colors,"many colors, tree, painting"
604,image_643.jpg,a painting of a bird and a fish in the water,"water, painting, bird, fish"
605,image_644.jpg,a painting of a building at night,"painting, night, building"
606,image_645.jpg,a painting of a city at night,"painting, night, city"
607,image_646.jpg,a painting of two faces in the ocean,"two faces, painting, ocean"
608,image_647.jpg,"a painting of birds,snakes and eggs in a tree","tree, painting, birds, snakes, eggs"
609,image_648.jpg,a painting of a woman and a cow by a river,"woman, river, painting, cow"
610,image_649.jpg,a painting of two women in a room,"two women, room, painting"
611,image_65.jpg,a painting of hindu deities,"hindu deities, painting"
612,image_650.jpg,a painting of a woman and two women playing cards,"two women playing cards, woman, painting"
613,image_651.jpg,a painting of a woman sitting in front of a man,"woman sitting, painting, man, front"
614,image_652.jpg,a painting of a woman sitting on a couch,"woman sitting, painting, couch"
615,image_653.jpg,a painting of a woman playing music with two women,"woman playing music, two women, painting"
616,image_654.jpg,a painting of a woman with red hair and a blue dress,"red hair, blue dress, woman, painting"
617,image_655.jpg,a painting on a wall with a woman and a bird,"woman, wall, painting, bird"
618,image_656.jpg,painting of  durga and lion,"durga, lion, painting"
619,image_657.jpg,two women in traditional costumes,"two women, traditional costumes"
620,image_658.jpg,a painting of two people drinking tea,"two people drinking tea, painting"
621,image_659.jpg,a painting of a woman holding a child,"woman holding, painting, child"
622,image_66.jpg,a painting of a woman pouring water from a pot to shiva sculpture,"woman pouring water, pot, painting, shiva sculpture"
623,image_660.jpg,buddha painting in blue,"buddha, bluem painting"
624,image_661.jpg,radha and radha by madan,"radha, radha, madan"
625,image_662.jpg,a painting of a woman and a dog,"woman, painting, dog"
626,image_663.jpg,two paintings of horses on a red background,"two paintings, red background, horses"
627,image_664.jpg,a painting of two horses with a man on one,"two horses, painting, one, man"
628,image_665.jpg,a painting of a pot with a plant in it,"pot, plant, painting"
629,image_666.jpg,a painting of a woman in a pink dress,"pink dress, woman, painting"
630,image_667.jpg,a painting of a flower in a blue vase,"blue vase, painting, flower"
631,image_668.jpg,a painting of a bottle of wine on a table,"wine, table, painting, bottle"
632,image_669.jpg,a painting of a woman with a knife and a knife,"woman, painting, knife, knife"
633,image_67.jpg,a painting of two women in a forest,"two women, painting, forest"
634,image_670.jpg,a painting of a vase and a bottle,"vase, painting, bottle"
635,image_671.jpg,a painting of a cityscape with a blue sky and yellow light,"yellow light, blue sky, painting, cityscape"
636,image_672.jpg,a painting of a yellow and blue abstract painting,"blue abstract painting, painting, yellow"
637,image_673.jpg,"a painting with a large, colorful abstract painting on it","colorful abstract painting, painting, large"
638,image_674.jpg,a painting of a black and blue abstract painting,"blue abstract painting, painting, black"
639,image_675.jpg,a painting of a blue and red abstract painting,"red abstract painting, painting, blue"
640,image_676.jpg,a painting of a cityscape with a blue sky and orange sky,"orange sky, blue sky, painting, cityscape"
641,image_677.jpg,a painting of a green and red abstract painting,"red abstract painting, painting, green"
642,image_678.jpg,a painting of a cityscape,"painting, cityscape"
643,image_679.jpg,a painting of a cityscape,"painting, cityscape"
644,image_68.jpg,a painting of a landscape with a blue sky,"blue sky, painting, landscape"
645,image_680.jpg,a painting of blue and red with black and white,"white, red, painting, blue, black"
646,image_681.jpg,a painting with a lot of colors,"painting, lot, colors"
647,image_682.jpg,a painting of a white flower on a green background,"white flower, green background, painting"
648,image_683.jpg,a painting of a tree in a field,"tree, painting, field"
649,image_684.jpg,"a painting of a ganesh holding shiva sculpture, bells and parrot","ganesh, shiva sculpture, birds, bells"
650,image_685.jpg,radha and radha playing musical instruments,"musical instruments, radha, radha, playing"
651,image_686.jpg,a painting of a man holding a guitar,"man holding, painting, guitar"
652,image_687.jpg,a painting with yellow and blue colors,"blue colors, yellow, painting"
653,image_688.jpg,a painting of a man in blue and white,"white, painting, man, blue"
654,image_689.jpg,a painting of a man sitting on a chair,"man sitting, painting, chair"
655,image_69.jpg,a painting of a landscape with a blue sky,"blue sky, painting, landscape"
656,image_690.jpg,a painting of a woman in yellow and red,"yellow, woman, red, painting"
657,image_691.jpg,a painting with many different colors and shapes,"many different colors, shapes, painting"
658,image_692.jpg,a painting of a man with a red and blue face,"blue face, red, painting, man"
659,image_693.jpg,a painting of a man in an orange shirt,"orange shirt, painting, man"
660,image_694.jpg,a painting of a woman in a green dress,"green dress, woman, painting"
661,image_695.jpg,a painting of a man with a blue jacket,"blue jacket, painting, man"
662,image_696.jpg,a painting of a man on a horse,"painting, man, horse"
663,image_697.jpg,radha and krishna by artist prammam,"artist prammam, radha, krishna"
664,image_698.jpg,krishna painting,krishna painting
665,image_699.jpg,two horses running,two horses running
666,image_7.jpg,a painting of a tree with two deers in the fore,"two deers, tree, painting, fore"
667,image_70.jpg,a painting of a rocky beach with waves,"rocky beach, waves, painting"
668,image_700.jpg,lord shiva painting,lord shiva painting
669,image_701.jpg,a painting of couples sitting in a field,"couples sitting, painting, field"
670,image_702.jpg,a painting of woman eating fruit,"woman, eating, fruit, painting"
671,image_703.jpg,a painting of a krishna and cow,"painting, krishna, cow"
672,image_704.jpg,a painting of a man riding a horse with family,"man riding, painting, horse, family"
673,image_705.jpg,a painting of a woman playing a guitar,"woman playing, painting, guitar"
674,image_706.jpg,a painting of a man riding on a elephant,"man riding, painting, elephant"
675,image_707.jpg,a painting of a family,"painting, family"
676,image_708.jpg,a painting of a woman sitting on the ground with child,"woman sitting, painting, ground, child"
677,image_709.jpg,painting of ganesh,"painting, ganesh"
678,image_71.jpg,a painting of a street scene with a bird,"street scene, painting, bird"
679,image_710.jpg,a painting of people in colorful outfits,"colorful outfits, people, painting"
680,image_711.jpg,a painting of a group of women,"women, painting, group"
681,image_712.jpg,a painting of people with a fan,"people, painting, fan"
682,image_713.jpg,a painting of a group of people holding balloons,"people holding balloons, painting, group"
683,image_714.jpg,a painting of a white flower with water droplets,"white flower, water droplets, painting"
684,image_715.jpg,a painting of a sail and a boat on the water,"water, sail, painting, boat"
685,image_716.jpg,a painting of a cat with green eyes,"green eyes, painting, cat"
686,image_717.jpg,a painting of a woman holding a bouquet,"woman holding, painting, bouquet"
687,image_718.jpg,a painting of water lillies and lily pads,"water lillies, lily pads, painting"
688,image_719.jpg,a painting of hindu deities,"hindu deities, painting"
689,image_72.jpg,a painting of a city with lots of colorful paint,"colorful paint, painting, lots, city"
690,image_720.jpg,a painting of two women with birds on their backs,"two women, painting, birds, backs"
691,image_721.jpg,buddha painting by artist artist,"buddha painting, artist artist"
692,image_722.jpg,buddha painting by artist,"buddha painting, artist"
693,image_723.jpg,a painting of an old man with a beard and a bird,"old man, painting, bird, beard"
694,image_724.jpg,radha painting by artist madini,"radha painting, artist madini"
695,image_725.jpg,a painting of a man playing flute with a woman and two cows,"man playing flute, two cows, woman, painting"
696,image_726.jpg,a painting of a woman with many different colors,"many different colors, woman, painting"
697,image_727.jpg,blue butterflies painting,blue butterflies painting
698,image_728.jpg,a painting of a group of people in a forest,"people, painting, group, forest"
699,image_729.jpg,a painting of lord gan gan gan,"lord gan gan gan, painting"
700,image_73.jpg,a painting of a hindu deity,"hindu deity, painting"
701,image_730.jpg,a painting of a woman and two men in the jungle- ramayana,"two men, woman, painting, jungle, ramayana"
702,image_731.jpg,a painting of a group of women playing music,"women playing music, painting, group"
703,image_732.jpg,a painting of women playing music in the jungle,"women playing music, painting, jungle"
704,image_733.jpg,a painting of a group of people and animals,"people, painting, group, animals"
705,image_734.jpg,two paintings of women in traditional clothing,"two paintings, traditional clothing, women"
706,image_735.jpg,"radha and radha by madini, expressionismismismismismismismismismismism","radha, radha, madini, expressionismismismismismismismismismismism"
707,image_736.jpg,a painting of a woman sitting on a red flower,"woman sitting, red flower, painting"
708,image_737.jpg,a painting of a bull with a green shield,"green shield, painting, bull"
709,image_738.jpg,a painting of a woman with a bird on her shoulder,"woman, shoulder, painting, bird"
710,image_739.jpg,a painting of a woman with a hat,"woman, painting, hat"
711,image_74.jpg,a painting of flowers in a vase,"vase, painting, flowers"
712,image_740.jpg,a painting of two women sitting on a couch,"two women sitting, painting, couch"
713,image_741.jpg,"a painting of raman, sita and hanuman","sita, raman, hanuman"
714,image_742.jpg,"a painting of a hindu deity-vishnu, brahma","hindu deity, painting, vishnu, brahma"
715,image_743.jpg,"hanuman devoting sita, raman","hanuman, devoting, sita, raman"
716,image_744.jpg,a painting of a woman sitting on a rock,"woman sitting, rock, painting"
717,image_745.jpg,a painting of a temple in the mountains,"temple, painting, mountains"
718,image_746.jpg,a painting of a mandolin and a moon,"painting, moon, mandolin"
719,image_747.jpg,two drums on a green plate with a yellow sun in the background,"yellow sun, two drums, green plate, background"
720,image_748.jpg,a painting of a woman in a colorful dress,"colorful dress, woman, painting"
721,image_749.jpg,"radha and radha by artist pramulu, expressionism painting, acryl, acryl","expressionism painting, artist pramulu, radha, radha, acryl, acryl"
722,image_75.jpg,a painting of people on boats in the water,"water, people, painting, boats"
723,image_750.jpg,radha and radha dancing,"radha dancing, radha"
724,image_751.jpg,radha and radha dancing,"radha dancing, radha"
725,image_752.jpg,radha and radha dancing,"radha dancing, radha"
726,image_753.jpg,a painting of three women in blue sari sari sari sari sari sari,"blue sari sari sari sari sari sari, three women, painting"
727,image_754.jpg,a painting of women in colorful sari sari sari sari sari sari sar,"colorful sari sari sari sari sari sari sar, women, painting"
728,image_755.jpg,a painting of people playing instruments in the woods,"people playing instruments, woods, painting"
729,image_756.jpg,a painting of a cow with a colorful background,"colorful background, painting, cow"
730,image_757.jpg,a painting of a woman in blue and green,"woman, painting, green, blue"
731,image_758.jpg,a painting of a puppet master,"puppet master, painting"
732,image_759.jpg,a painting of a hand reaching a group of people,"hand reaching, people, painting, group"
733,image_76.jpg,a couple sitting on a bench in a park,"couple sitting, park, bench"
734,image_760.jpg,a painting of a woman with a large ball,"large ball, woman, painting"
735,image_761.jpg,a painting of three women sitting on a bench,"three women sitting, painting, bench"
736,image_762.jpg,a painting of two girls in a city,"two, painting, girls, city"
737,image_763.jpg,a painting of people with tea pot,"people, painting, tea pot"
738,image_764.jpg,a painting of a school auto with children,"school auto, painting, children"
739,image_765.jpg,a painting of a woman with a red bow,"red bow, woman, painting"
740,image_766.jpg,a painting of two women in a park,"two women, park, painting"
741,image_767.jpg,a painting of white flowers and birds on a green background,"white flowers, green background, painting, birds"
742,image_768.jpg,a painting of white flowers on a black background,"white flowers, black background, painting"
743,image_769.jpg,a painting of a sail in the ocean,"sail, painting, ocean"
744,image_77.jpg,a man in a room with three bunks,"three bunks, room, man"
745,image_770.jpg,a painting of a castle in the clouds,"painting, clouds, castle"
746,image_771.jpg,a painting of a woman in a red dress with a red cape,"red dress, red cape, woman, painting"
747,image_772.jpg,a painting of a woman holding a bowl of food,"woman holding, painting, food, bowl"
748,image_773.jpg,a painting of chers in a jar,"painting, jar, chers"
749,image_774.jpg,a painting of a brown circle on a brown background,"brown circle, brown background, painting"
750,image_775.jpg,an owl perched on a branch with a butterfly,"owl perched, butterfly, branch"
751,image_776.jpg,a painting of a blue and black abstract painting,"black abstract painting, painting, blue"
752,image_777.jpg,a river with a boat in it,"river, boat"
753,image_778.jpg,a person sitting on a rock looking out at the ocean,"rock looking, person sitting, ocean"
754,image_779.jpg,a train is passing over a bridge with graffiti,"train, passing, graffiti, bridge"
755,image_78.jpg,a bed with a blanket on it in a room,"room, blanket, bed"
756,image_780.jpg,a painting of a hand holding a green and gold colored object,"gold colored object, hand holding, painting, green"
757,image_781.jpg,a train on a track,"train, track"
758,image_782.jpg,a painting of a man in a yellow shirt,"yellow shirt, painting, man"
759,image_783.jpg,a painting of two women in a garden,"two women, painting, garden"
760,image_784.jpg,a painting of a woman surrounded by shells,"woman surrounded, shells, painting"
761,image_785.jpg,a painting of two women with one woman holding a cell,"one woman holding, two women, painting, cell"
762,image_786.jpg,a painting of a woman with long hair,"long hair, woman, painting"
763,image_787.jpg,a painting of a woman with a bird on her shoulder,"woman, shoulder, painting, bird"
764,image_79.jpg,two men are working on a table,"two men, working, table"
765,image_790.jpg,a painting of a red and black abstract design,"black abstract design, red, painting"
766,image_791.jpg,a painting of two squares on a brown background,"two squares, brown background, painting"
767,image_792.jpg,a square with a blue background and a black square,"blue background, black square, square"
768,image_793.jpg,a painting of a boat in the water,"water, painting, boat"
769,image_794.jpg,a painting of a city with a red sky,"red sky, painting, city"
770,image_795.jpg,a painting of a woman with many birds and animals,"many birds, woman, painting, animals"
771,image_796.jpg,a painting of a blue and black building,"black building, painting, blue"
772,image_797.jpg,a painting of a woman with flowers and birds,"woman, painting, flowers, birds"
773,image_798.jpg,a painting of a forest with trees and water,"water, trees, painting, forest"
774,image_799.jpg,a painting of a woman with flowers and butterflies,"woman, painting, flowers, butterflies"
775,image_8.jpg,a painting of lord krishna,"lord krishna, painting"
776,image_80.jpg,a painting of a woman playing a musical instrument,"woman playing, musical instrument, painting"
777,image_800.jpg,a painting of a krishna with a flute,"krishna, painting, flute"
778,image_801.jpg,a painting of a woman playing a sitar,"woman playing, sitar, painting"
779,image_802.jpg,a painting of a boat in the water abstract,"water, painting, boat, abstract"
780,image_803.jpg,a painting of a city with a pink sky abstract,"pink sky, painting, city, abstract"
781,image_804.jpg,a painting of a woman's face with colorful swirls,"colorful swirls, woman, painting, face"
782,image_805.jpg,a painting of a teapot and tomatoes on a table,"tomatoes, teapot, table, painting"
783,image_806.jpg,a painting of a bird on fire,"painting, fire, bird"
784,image_807.jpg,a painting of a woman with flowers,"woman, painting, flowers"
785,image_809.jpg,a painting of a woman with a red hood,"red hood, woman, painting"
786,image_81.jpg,a man walking with a herd of sheep,"man walking, sheep, herd"
787,image_810.jpg,a painting of two people with umbrellas in the rain,"two people, umbrellas, rain, painting"
788,image_811.jpg,a painting of a man with a beard and a beard,"painting, man, beard, beard"
789,image_814.jpg,a painting of a blue and gold swirl,"gold swirl, painting, blue"
790,image_815.jpg,a painting of a city with boats in the water,"water, painting, city, boats"
791,image_816.jpg,a painting of a blue flower on a blue background,"blue flower, blue background, painting"
792,image_819.jpg,a painting of a colorful landscape,"colorful landscape, painting"
793,image_82.jpg,"three women in colorful dresses, one holding a flower","three women, one holding, colorful dresses, flower"
794,image_820.jpg,"a painting of a green field with red, yellow and blue","green field, yellow, red, painting, blue"
795,image_821.jpg,"oil on canvas, 40 x 40 cm, 2013","40 x 40 cm, oil, canvas, 2013"
796,image_822.jpg,three women in red dresses with leaves,"three women, red dresses, leaves"
797,image_823.jpg,a painting of a woman in a colorful dress,"colorful dress, woman, painting"
798,image_824.jpg,a colorful tile with a cross in the middle,"colorful tile, middle, cross"
799,image_825.jpg,a button with a painting of a woman and a man,"woman, painting, man, button"
800,image_826.jpg,a painting of a woman with a bird on her shoulder,"woman, shoulder, painting, bird"
801,image_827.jpg,two women with a flower and a goat,"two women, flower, goat"
802,image_828.jpg,a painting of a cooker in kitchen,"painting, cooker, kitchen"
803,image_829.jpg,a painting of white flowers on a green background,"white flowers, green background, painting"
804,image_83.jpg,a painting of a flower with a blue background,"blue background, painting, flower"
805,image_830.jpg,a painting of blue flowers on a blue background,"blue flowers, blue background, painting"
806,image_831.jpg,a painting of yellow flowers in a field,"yellow flowers, painting, field"
807,image_832.jpg,a painting of a square with a brown and orange paint,"orange paint, square, painting, brown"
808,image_833.jpg,a painting of a red and black abstract,"black abstract, red, painting"
809,image_834.jpg,a painting of an angel showing movies to woman,"woman, painting, angel, movies"
810,image_835.jpg,a painting of a woman in a field,"painting, woman, field"
811,image_836.jpg,a painting of a tiger playing with man,"playing, man, tiger, painting"
812,image_837.jpg,a painting of a man with a red shirt,"red shirt, painting, man"
813,image_838.jpg,a painting of a group of people in a forest,"people, painting, group, forest"
814,image_839.jpg,a painting of a woman holding a book,"woman holding, painting, book"
815,image_84.jpg,two white cows standing in front of a painting,"two white cows standing, painting, front"
816,image_840.jpg,a painting of a woman with a bird on her shoulder,"woman, shoulder, painting, bird"
817,image_841.jpg,a painting of two women in a room,"two women, room, painting"
818,image_842.jpg,a painting of a woman and a man,"woman, painting, man"
819,image_843.jpg,a painting with many different shapes and colors,"many different shapes, painting, colors"
820,image_844.jpg,a painting of a rooster,"rooster, painting"
821,image_845.jpg,a painting of a hindu deity,"hindu deity, painting"
822,image_846.jpg,a painting of a goat with horns on it's head,"painting, horns, head, goat"
823,image_847.jpg,a painting of a rooster with a red head,"red head, rooster, painting"
824,image_848.jpg,a painting of a rooster and a flower,"rooster, painting, flower"
825,image_849.jpg,a painting of a rooster with a red head,"red head, rooster, painting"
826,image_85.jpg,radha painting by artist madini,"radha painting, artist madini"
827,image_850.jpg,a drawing of a cat with a mustache and a bird,"mustache, drawing, cat, bird"
828,image_851.jpg,a drawing of a man with glasses and a beard,"man, glasses, drawing, beard"
829,image_852.jpg,a drawing of a man with a face full of eyes,"face full, man, eyes, drawing"
830,image_853.jpg,a drawing of a man with a beard and a mustache,"mustache, man, drawing, beard"
831,image_854.jpg,a drawing of two horses running in the air,"two horses running, drawing, air"
832,image_855.jpg,two bulls running in the air,"two bulls running, air"
833,image_856.jpg,a painting of a trolley car on a city street,"trolley car, city street, painting"
834,image_857.jpg,a painting of a city with boats and people,"people, painting, city, boats"
835,image_858.jpg,a painting of a woman sitting on a bench,"woman sitting, painting, bench"
836,image_859.jpg,a painting blue boat and blue sky,"painting, blue boat, blue sky"
837,image_86.jpg,a painting of two women in a red and blue dress,"two women, blue dress, red, painting"
838,image_860.jpg,a painting of a woman with a clock,"woman, painting, clock"
839,image_861.jpg,a painting of a bird holding a banana,"bird holding, painting, banana"
840,image_862.jpg,a painting of a man sitting on a chair in the middle of a forest,"man sitting, painting, middle, forest, chair"
841,image_863.jpg,a butterfly sitting on a flower in front of a bright sun,"butterfly sitting, bright sun, front, flower"
842,image_864.jpg,two beetles on a leaf,"two beetles, leaf"
843,image_865.jpg,a lizard with its mouth open and its tongue out,"mouth open, tongue, lizard"
844,image_866.jpg,a painting with many different colors and textures,"many different colors, textures, painting"
845,image_867.jpg,a painting with many colors and textures,"many colors, textures, painting"
846,image_868.jpg,a painting of a man with long hair and a crown,"long hair, man, painting, crown"
847,image_869.jpg,a painting of a woman sitting on a chair,"woman sitting, painting, chair"
848,image_87.jpg,a painting of two people standing in front of a red wall,"two people standing, red wall, painting, front"
849,image_870.jpg,a painting of a woman holding a parrot,"woman holding, painting, parrot"
850,image_871.jpg,a painting of a woman sitting on a swing of time,"woman sitting, swing, painting, time"
851,image_872.jpg,a painting of three women in a red bucket,"three women, red bucket, painting"
852,image_873.jpg,a painting of a woman in a red dress,"red dress, woman, painting"
853,image_874.jpg,a painting of a woman in a white dress,"white dress, woman, painting"
854,image_875.jpg,a painting of a woman on a swing,"woman, swing, painting"
855,image_876.jpg,a painting of a woman holding a baby,"woman holding, painting, baby"
856,image_877.jpg,a painting of a woman with a red flower,"red flower, woman, painting"
857,image_878.jpg,a painting of a woman hugging a unicorn,"woman hugging, unicorn, painting"
858,image_879.jpg,a painting of two angels with a moon in the background,"two angels, painting, moon, background"
859,image_88.jpg,couple with radio ,"couple, radio"
860,image_880.jpg,three black and white drawings of people on a beach,"white drawings, three black, people, beach"
861,image_881.jpg,an angel with a cigarette in his hand,"hand, cigarette, angel"
862,image_882.jpg,a painting of a woman with flowers in her hair,"woman, painting, hair, flowers"
863,image_883.jpg,a painting of an angel kneeling on a bird,"angel kneeling, painting, bird"
864,image_884.jpg,a painting of a buddha,"painting, buddha"
865,image_885.jpg,a painting of a cityscaing in the evening,"painting, evening, cityscaing"
866,image_886.jpg,a painting of a cityscaing with a red sky,"red sky, painting, cityscaing"
867,image_887.jpg,a painting of a cityscaing in blue and orange,"painting, orange, cityscaing, blue"
868,image_888.jpg,a painting of a cityscaing in blue and green,"painting, green, cityscaing, blue"
869,image_889.jpg,a painting of a cityscaing in blue and green,"painting, green, cityscaing, blue"
870,image_89.jpg,a painting of two goats sitting in front of a window,"two goats sitting, window, painting, front"
871,image_890.jpg,a painting of a human head with a red background,"red background, painting, human head"
872,image_891.jpg,a painting of a woman with a bird on her shoulder,"woman, shoulder, painting, bird"
873,image_892.jpg,a large green planet with a satellite on top,"large green planet, top, satellite"
874,image_893.jpg,a computer is shown in a circular shape,"circular shape, shown, computer"
875,image_894.jpg,a painting of a hindu deity,"hindu deity, painting"
876,image_895.jpg,a painting of a bird and a bird with a bird on it's back,"painting, bird, bird, bird, back"
877,image_896.jpg,a painting two human shape yellow wall,"yellow wall, painting, human shape"
878,image_897.jpg,a painting of a village with a windmill and a windmill wheel,"windmill wheel, windmill, village, painting"
879,image_898.jpg,a painting of three musicians playing instruments,"three musicians playing instruments, painting"
880,image_899.jpg,a painting of two people with a bird on their shoulder,"two people, shoulder, painting, bird"
881,image_9.jpg,buddha painting on canvas photo,"canvas photo, buddha painting"
882,image_90.jpg,a painting of a window with a shadow on it,"window, shadow, painting"
883,image_900.jpg,a painting of boats in a harbor,"painting, harbor, boats"
884,image_901.jpg,lord ganesh and devotees,"lord ganesh, devotees"
885,image_902.jpg,a painting of a woman playing a guitar,"woman playing, painting, guitar"
886,image_903.jpg,three women in green dresses are talking to each other women,"green dresses, three women, women, talking"
887,image_904.jpg,a painting of a woman sitting on a chair,"woman sitting, painting, chair"
888,image_905.jpg,a painting of a snowy landscape with a lake and trees,"snowy landscape, trees, painting, lake"
889,image_906.jpg,mahatma gandhi and aeroplane,"mahatma gandhi, aeroplane"
890,image_907.jpg,three women playing music,three women playing music
891,image_908.jpg,a painting of elephants in a room with a person standing on the steps,"person standing, steps, room, painting, elephants"
892,image_909.jpg,a painting of a person with an umbrella,"umbrella, person, painting"
893,image_91.jpg,a painting of an archway in a building,"painting, building, archway"
894,image_910.jpg,a painting of an elephant and a man,"painting, man, elephant"
895,image_911.jpg,painting of lord ganesh,"painting, lord ganesh"
896,image_912.jpg,a painting of women dancing,"women dancing, painting"
897,image_913.jpg,three women in colorful dresses dancing,"colorful dresses dancing, three women"
898,image_914.jpg,radha and radha by madini,"radha, radha, madini"
899,image_915.jpg,a painting of a naradha in a forest,"naradha, painting, forest"
900,image_916.jpg,krishna and the gangra,"krishna, gangra"
901,image_917.jpg,a painting of a group of women playing instruments,"women playing instruments, painting, group"
902,image_918.jpg,radha and radha playing flute,"radha playing flute, radha"
903,image_92.jpg,a painting of an old building in india,"old building, painting, india"
904,image_920.jpg,a painting of water lillies in a pond,"water lillies, pond, painting"
905,image_921.jpg,a painting of a buddha with a red heart,"red heart, painting, buddha"
906,image_922.jpg,a painting of a man with a white shirt,"white shirt, painting, man"
907,image_923.jpg,a painting of a man with glasses and a white shirt- mahatma gandhi,"white shirt, painting, man, glasses, mahatma gandhi"
908,image_924.jpg,a painting of a mountain peak with a plane flying overhead- himalayas,"plane flying overhead, mountain peak, painting, himalayas"
909,image_925.jpg,a close up of a red pepper with water droplets,"water droplets, red pepper, close"
910,image_926.jpg,two red tulips on a green background,"two red tulips, green background"
911,image_927.jpg,a bird sitting on a tree branch,"tree branch, bird sitting"
912,image_928.jpg,a painting of a tree with red leaves,"red leaves, tree, painting"
913,image_929.jpg,a painting of a woman in a red bikini,"red bikini, woman, painting"
914,image_93.jpg,a painting of an old blue door in a stone building,"old blue door, stone building, painting"
915,image_930.jpg,a painting of a woman with a blue shirt,"blue shirt, woman, painting"
916,image_931.jpg,a painting of a woman's face with a teary expression,"teary expression, woman, painting, face"
917,image_932.jpg,a painting of a woman with a turbal,"woman, turbal, painting"
918,image_933.jpg,a painting of a woman playing a guitar,"woman playing, painting, guitar"
919,image_934.jpg,a painting of a woman with a white blouse,"white blouse, woman, painting"
920,image_935.jpg,a black and white drawing of a woman,"white drawing, woman, black"
921,image_936.jpg,a painting of a woman in red scarf,"red scarf, woman, painting"
922,image_937.jpg,a painting of a woman with long hair,"long hair, woman, painting"
923,image_938.jpg,a painting of a woman with her eyes closed,"eyes closed, woman, painting"
924,image_939.jpg,a painting of a face,"painting, face"
925,image_94.jpg,a painting from purana- krishna's hand holding mountain,"painting, purana, krishna's hand, holding, mountain, "
926,image_940.jpg,a painting of a woman reading a book,"woman reading, painting, book"
927,image_941.jpg,a woman in a blue sari sari,"blue sari sari, woman"
928,image_942.jpg,a painting of a woman with red hair,"red hair, woman, painting"
929,image_943.jpg,a painting of a woman with masks on her head,"woman, painting, masks, head"
930,image_944.jpg,a painting of a woman in red dress,"red dress, woman, painting"
931,image_945.jpg,a painting of a woman's eye,"woman, painting, eye"
932,image_946.jpg,a painting of a woman with a peacock feather,"peacock feather, woman, painting"
933,image_947.jpg,a painting of a peacock with a blue eye,"blue eye, peacock, painting"
934,image_948.jpg,a woman holding a butterfly in her hand,"woman holding, hand, butterfly"
935,image_949.jpg,a painting of a woman with a red dress and a red scarf,"red scarf, red dress, woman, painting"
936,image_95.jpg,a painting of three women dancing in a garden,"three women dancing, painting, garden"
937,image_950.jpg,a painting of a woman wearing sunglasses,"woman wearing sunglasses, painting"
938,image_951.jpg,a painting of a woman in red shirt,"red shirt, woman, painting"
939,image_952.jpg,women with red and white mask,"red, white, mask, woman"
940,image_953.jpg,a painting of a woman in a red hat and blue dress,"red hat, blue dress, woman, painting"
941,image_954.jpg,a woman standing in front of a wall covered with graffiti,"woman standing, wall covered, graffiti, front"
942,image_955.jpg,a painting of a woman in a sari,"woman, sari, painting"
943,image_956.jpg,a painting of a man with glasses and a white shirt- pinarayi vijayan,"white shirt, painting, man, glasses, pinarayi vijayan"
944,image_957.jpg,a woman sitting on a stone bench with her back turned to the camera,"woman sitting, stone bench, back turned, camera"
945,image_958.jpg,a man in a white robe and a mask,"white robe, mask, man"
946,image_959.jpg,a painting of a woman looking at a brick wall,"woman looking, brick wall, painting"
947,image_96.jpg,the jungle book cover,jungle book cover
948,image_960.jpg,a painting of a girl looking at a chalkboard,"girl looking, painting, chalkboard"
949,image_961.jpg,a painting of a woman looking through a hole in a brick wall,"woman looking, brick wall, painting, hole"
950,image_962.jpg,a painting of a man and a woman,"woman, painting, man"
951,image_963.jpg,a woman is looking at a painting of a woman,"woman, woman, painting, looking"
952,image_964.jpg,a painting mahatma gandhi with indian flag,"painting, mahatma gandhi, indian flag"
953,image_965.jpg,"a boy and his mother are seen in a destroyed house in the town of kash, afghanistan","destroyed house, town, seen, mother, kash, boy, afghanistan"
954,image_966.jpg,a black horse with long hair on its head,"long hair, black horse, head"
955,image_967.jpg,a painting of a face with red threads,"red threads, painting, face"
956,image_968.jpg,a painting of an old woman with a blue scarf- mother theresa,"old woman, blue scarf, painting, mother theresa"
957,image_969.jpg,a woman feeding pigeons,woman feeding pigeons
958,image_97.jpg,a painting of a tree with birds on it,"tree, painting, birds"
959,image_970.jpg,a painting of a little girl looking at a painting of a woman,"little girl looking, woman, painting, painting"
960,image_98.jpg,a painting of a circle of goat in black and white,"white, goat, painting, circle, black"
961,image_99.jpg,a painting of a hanuma sitting on a floor,"hanuman sitting, painting, floor"
